mid,publish_time,user_name,user_link,content,weibo_link,forward_num,comment_num,like_num
4785283667071596,2022-06-28 10:39:55,胡晓江storyof,https://weibo.com/u/1911898331,[思考]//@Moeder: //@萝卜咚lobod:支持Jingyao！,https://weibo.com/1911898331/LzMCitFE0,0,1,1
4785115878654181,2022-06-27 23:33:10,琴声何所来,https://weibo.com/u/2387041582,//@萝卜咚lobod: 支持Jingyao！,https://weibo.com/2387041582/LzIfFAjlz,0,0,0
4785108463128281,2022-06-27 23:03:43,诺竹庵,https://weibo.com/u/7524311936,//@彭伦空间://@Moeder ://@萝卜咚lobod :支持Jingyao！,https://weibo.com/7524311936/LzI3Id7O9,0,0,0
4785050421824732,2022-06-27 19:13:05,不会说话的夏天,https://weibo.com/u/1764108347,//@彭伦空间://@Moeder ://@萝卜咚lobod :支持Jingyao！,https://weibo.com/1764108347/LzGy67EHa,0,0,0
4785035784488675,2022-06-27 18:14:55,谷鸽地图,https://weibo.com/u/2297484840,//@Moeder://@萝卜咚lobod:支持Jingyao！,https://weibo.com/2297484840/LzGauiPHZ,0,0,0
4784981249366369,2022-06-27 14:38:13,火的岩,https://weibo.com/u/7598357001,//@彭伦空间://@Moeder ://@萝卜咚lobod :支持Jingyao！,https://weibo.com/7598357001/LzEKwDiCt,0,0,0
4784969047867410,2022-06-27 13:49:43,可爱多是冷的,https://weibo.com/u/1806350080,律师说得好好[抱抱][抱抱]//@彭伦空间://@Moeder ://@萝卜咚lobod :支持Jingyao！,https://weibo.com/1806350080/LzEqQx0FI,0,0,1
4784966867878230,2022-06-27 13:41:03,康士坦的荔枝球,https://weibo.com/u/6974336584,//@李哲李://@彭伦空间://@Moeder ://@萝卜咚lobod :支持Jingyao！,https://weibo.com/6974336584/LzEnkx3ue,0,0,0
4784962249689257,2022-06-27 13:22:43,TakashiMM,https://weibo.com/u/1965142235,//@彭伦空间://@Moeder ://@萝卜咚lobod :支持Jingyao！,https://weibo.com/1965142235/LzEfSEECl,0,0,0
4784957014935062,2022-06-27 13:01:55,仙子的羽翼,https://weibo.com/u/6294531062,//@彭伦空间://@Moeder ://@萝卜咚lobod :支持Jingyao！,https://weibo.com/6294531062/LzE7rkHPM,0,0,0
4784956193378984,2022-06-27 12:58:39,小麻里安,https://weibo.com/u/1813442562,//@李哲李://@彭伦空间://@Moeder ://@萝卜咚lobod :支持Jingyao！,https://weibo.com/1813442562/LzE67eb1K,0,0,0
4784955534607506,2022-06-27 12:56:01,chenbing-11,https://weibo.com/u/5798243120,//@彭伦空间://@Moeder ://@萝卜咚lobod :支持Jingyao！,https://weibo.com/5798243120/LzE53jkCC,0,0,0
4784949489569186,2022-06-27 12:32:01,盐海水月亮和村庄,https://weibo.com/u/7101275118,//@李哲李://@彭伦空间://@Moeder ://@萝卜咚lobod :支持Jingyao！,https://weibo.com/7101275118/LzDViE9nI,0,0,0
4784947402113573,2022-06-27 12:23:42,李哲李,https://weibo.com/u/1745690220,//@彭伦空间://@Moeder ://@萝卜咚lobod :支持Jingyao！,https://weibo.com/1745690220/LzDRW8RPT,4,0,2
4784940984303683,2022-06-27 11:58:12,鱿人阿白,https://weibo.com/u/5861428699,//@彭伦空间://@Moeder ://@萝卜咚lobod :支持Jingyao！,https://weibo.com/5861428699/LzDHAi3Af,0,0,0
4784940229067023,2022-06-27 11:55:12,彭伦空间,https://weibo.com/u/1741121791,//@Moeder ://@萝卜咚lobod :支持Jingyao！,https://weibo.com/1741121791/LzDGmC2Kj,13,0,6
4784940187915676,2022-06-27 11:55:03,Moeder,https://weibo.com/u/1739551040,//@萝卜咚lobod:支持Jingyao！,https://weibo.com/1739551040/LzDGixdec,16,0,3
4784897174802192,2022-06-27 09:04:08,oownidaho,https://weibo.com/u/1710218222,//@萝卜咚lobod:支持Jingyao！,https://weibo.com/1710218222/LzCyVk9gI,0,0,0
